,NEW TERRITORIES,KOWLOON,HONG KONG,OVERALL,SOUTHERN,WAN CHAI,CENTRAL AND WESTERN,EASTERN,ISLANDS,YAU TSIM MONG,KWUN TONG,SHAM SHUI PO,KOWLOON CITY,WONG TAI SIN,KWAI TSING,TSUEN WAN,TUEN MUN,SHA TIN,SAI KUNG,YUEN LONG,TAI PO,NORTH,
NEW TERRITORIES,0.0,0.0769230769230769,0.0,0.0,0.0769230769230769,0.0769230769230769,0.0769230769230769,0.0,0.0769230769230769,0.0769230769230769,0.0769230769230769,0.0769230769230769,0.0769230769230769,0.0769230769230769,0.0,0.0,0.0769230769230769,0.0769230769230769,0.0,0.0,0.0,0.0,0.0769230769230769
KOWLOON,0.0833333333333333,0.0,0.0,0.0833333333333333,0.0833333333333333,0.0833333333333333,0.0833333333333333,0.0833333333333333,0.0833333333333333,0.0833333333333333,0.0,0.0833333333333333,0.0,0.0833333333333333,0.0,0.0,0.0,0.0833333333333333,0.0,0.0,0.0,0.0,0.0833333333333333
HONG KONG,0.0,0.0,0.0,0.0,0.0,0.0,0.0,0.1428571428571428,0.0,0.0,0.0,0.0,0.0,0.0,0.0,0.1428571428571428,0.0,0.1428571428571428,0.1428571428571428,0.1428571428571428,0.1428571428571428,0.0,0.1428571428571428
OVERALL,0.0,0.1428571428571428,0.0,0.0,0.1428571428571428,0.1428571428571428,0.1428571428571428,0.1428571428571428,0.0,0.0,0.0,0.0,0.0,0.0,0.0,0.0,0.0,0.1428571428571428,0.0,0.0,0.0,0.0,0.1428571428571428
SOUTHERN,0.1666666666666666,0.1666666666666666,0.0,0.1666666666666666,0.0,0.1666666666666666,0.1666666666666666,0.0,0.1666666666666666,0.0,0.0,0.0,0.0,0.0,0.0,0.0,0.0,0.0,0.0,0.0,0.0,0.0,
WAN CHAI,0.125,0.125,0.0,0.125,0.125,0.0,0.0,0.125,0.125,0.0,0.0,0.0,0.0,0.125,0.0,0.0,0.0,0.0,0.0,0.0,0.0,0.0,0.125
CENTRAL AND WESTERN,0.1111111111111111,0.1111111111111111,0.0,0.1111111111111111,0.1111111111111111,0.0,0.0,0.0,0.1111111111111111,0.1111111111111111,0.0,0.1111111111111111,0.0,0.0,0.0,0.0,0.0,0.1111111111111111,0.0,0.0,0.0,0.0,0.1111111111111111
EASTERN,0.0,0.1111111111111111,0.1111111111111111,0.1111111111111111,0.0,0.1111111111111111,0.0,0.0,0.0,0.0,0.0,0.0,0.0,0.1111111111111111,0.1111111111111111,0.1111111111111111,0.0,0.1111111111111111,0.0,0.0,0.0,0.0,0.1111111111111111
ISLANDS,0.1111111111111111,0.1111111111111111,0.0,0.0,0.1111111111111111,0.1111111111111111,0.1111111111111111,0.0,0.0,0.0,0.1111111111111111,0.1111111111111111,0.0,0.1111111111111111,0.0,0.0,0.0,0.0,0.0,0.0,0.0,0.0,0.1111111111111111
YAU TSIM MONG,0.1428571428571428,0.1428571428571428,0.0,0.0,0.0,0.0,0.1428571428571428,0.0,0.0,0.0,0.0,0.1428571428571428,0.1428571428571428,0.0,0.0,0.0,0.0,0.1428571428571428,0.0,0.0,0.0,0.0,0.1428571428571428
KWUN TONG,0.1666666666666666,0.0,0.0,0.0,0.0,0.0,0.0,0.0,0.1666666666666666,0.0,0.0,0.1666666666666666,0.0,0.1666666666666666,0.0,0.0,0.1666666666666666,0.0,0.0,0.0,0.0,0.0,0.1666666666666666
SHAM SHUI PO,0.1111111111111111,0.1111111111111111,0.0,0.0,0.0,0.0,0.1111111111111111,0.0,0.1111111111111111,0.1111111111111111,0.1111111111111111,0.0,0.1111111111111111,0.0,0.0,0.0,0.1111111111111111,0.0,0.0,0.0,0.0,0.0,0.1111111111111111
KOWLOON CITY,0.1666666666666666,0.0,0.0,0.0,0.0,0.0,0.0,0.0,0.0,0.1666666666666666,0.0,0.1666666666666666,0.0,0.0,0.0,0.0,0.1666666666666666,0.1666666666666666,0.0,0.0,0.0,0.0,0.1666666666666666
WONG TAI SIN,0.1111111111111111,0.1111111111111111,0.0,0.0,0.0,0.1111111111111111,0.0,0.1111111111111111,0.1111111111111111,0.0,0.1111111111111111,0.0,0.0,0.0,0.1111111111111111,0.0,0.1111111111111111,0.0,0.0,0.0,0.0,0.0,0.1111111111111111
KWAI TSING,0.0,0.0,0.0,0.0,0.0,0.0,0.0,0.1666666666666666,0.0,0.0,0.0,0.0,0.0,0.1666666666666666,0.0,0.1666666666666666,0.1666666666666666,0.0,0.1666666666666666,0.1666666666666666,0.0,0.0,
TSUEN WAN,0.0,0.0,0.2,0.0,0.0,0.0,0.0,0.2,0.0,0.0,0.0,0.0,0.0,0.0,0.2,0.0,0.0,0.0,0.2,0.0,0.0,0.0,0.2
TUEN MUN,0.1111111111111111,0.0,0.0,0.0,0.0,0.0,0.0,0.0,0.0,0.0,0.1111111111111111,0.1111111111111111,0.1111111111111111,0.1111111111111111,0.1111111111111111,0.0,0.0,0.1111111111111111,0.0,0.1111111111111111,0.0,0.0,0.1111111111111111
SHA TIN,0.0909090909090909,0.0909090909090909,0.0909090909090909,0.0909090909090909,0.0,0.0,0.0909090909090909,0.0909090909090909,0.0,0.0909090909090909,0.0,0.0,0.0909090909090909,0.0,0.0,0.0,0.0909090909090909,0.0,0.0,0.0909090909090909,0.0,0.0,0.0909090909090909
SAI KUNG,0.0,0.0,0.1666666666666666,0.0,0.0,0.0,0.0,0.0,0.0,0.0,0.0,0.0,0.0,0.0,0.1666666666666666,0.1666666666666666,0.0,0.0,0.0,0.1666666666666666,0.1666666666666666,0.0,0.1666666666666666
YUEN LONG,0.0,0.0,0.1428571428571428,0.0,0.0,0.0,0.0,0.0,0.0,0.0,0.0,0.0,0.0,0.0,0.1428571428571428,0.0,0.1428571428571428,0.1428571428571428,0.1428571428571428,0.0,0.1428571428571428,0.0,0.1428571428571428
TAI PO,0.0,0.0,0.25,0.0,0.0,0.0,0.0,0.0,0.0,0.0,0.0,0.0,0.0,0.0,0.0,0.0,0.0,0.0,0.25,0.25,0.0,0.0,0.25
NORTH,0.0,0.0,0.0,0.0,0.0,0.0,0.0,0.0,0.0,0.0,0.0,0.0,0.0,0.0,0.0,0.0,0.0,0.0,0.0,0.0,0.0,0.0,
,0.0526315789473684,0.0526315789473684,0.0526315789473684,0.0526315789473684,,0.0526315789473684,0.0526315789473684,0.0526315789473684,0.0526315789473684,0.0526315789473684,0.0526315789473684,0.0526315789473684,0.0526315789473684,0.0526315789473684,,0.0526315789473684,0.0526315789473684,0.0526315789473684,0.0526315789473684,0.0526315789473684,0.0526315789473684,,
