Buffer_Diameter_m,% built-up,% vegetated,% bare soil,% rock,% water,% dense/high vegetation,% sparse/low vegetation,Building fraction (%),Road/impervious cover fraction (%),Average SVF,Average building height (m),Std dev of building height (m),District
7000,0.6060525321030799,0.0044011601332902,0.0,0.0,0.914462817847874,0.0,0.0,0.566881880018284,0.0392671506237147,0.9943311811998172,10.09475806451613,11.626732204688071,NORTH
12000,1.1123911825713175,0.0165466223291786,0.0,0.0,0.6472224082794331,0.0,0.0,0.9840589315365088,0.073914166312987,0.9901594106846348,12.940199335548172,19.67211186746545,NORTH
7000,5.734660197428828,0.1000291683939425,0.0,0.0,0.026601152633841,0.0,0.0,5.267089535049695,0.3373784909181134,0.947329104649503,44.675387876218736,40.18563480322021,CENTRAL_AND_WESTERN
12000,1.9538508500295373,0.0340377031340489,0.0,0.0,0.0090517811045706,0.0,0.0,1.7947469440810868,0.1148024031596326,0.9820525305591892,44.675387876218736,40.18563480322021,CENTRAL_AND_WESTERN
7000,5.3062048737866645,0.336836614139978,0.0,0.0011124623582088,0.3165214064974344,0.0,0.0,4.8244740958318255,0.2853597308603458,0.9517552590416818,56.29812855980472,39.77468714773344,EASTERN
12000,2.1863120155932685,0.1183544944092186,0.0,0.0003785462191127,0.1080011653634409,0.0,0.0,2.013539184014238,0.1038652021241512,0.9798646081598577,53.968913043478246,38.09801453896978,EASTERN
7000,3.020740139606678,0.0220163235305171,0.0,9.426023064980368e-05,1.6938794603787146,0.0,0.0,2.572021534894373,0.1151709293837237,0.9742797846510562,45.19672131147541,38.51538870767036,HONG_KONG
12000,5.602200091372529,0.1514680613954654,0.0,0.000410620880931,0.8310222141348377,0.0,0.0,5.060755718946402,0.2540543507539626,0.949392442810536,48.34434738702348,38.719953266945495,HONG_KONG
7000,0.0987182012756001,0.0145594285624142,0.0,0.0,0.0879200747746772,0.0,0.0,0.0987182012756001,0.0,0.999012817987244,6.0,0.816496580927726,ISLANDS
12000,0.2228815311079965,0.0084033709566181,0.0,0.0243433397763878,0.0691175916286831,0.0,0.0,0.2110285071868016,0.0103711141157267,0.997889714928132,9.373056994818652,6.301099398275114,ISLANDS
7000,25.385186724441443,0.3054096673539961,0.0,0.0011965950045205,0.1641118661977265,0.0,0.0,22.39352048759397,1.7770221508128514,0.7760647951240602,37.50499854397205,32.77950957686226,KOWLOON
12000,12.1859239114893,0.1427748207281087,0.0,0.0004071746890382,0.1257560267437945,0.0,0.0,10.796683743025133,0.8015026910116092,0.8920331625697486,41.26577080172716,36.56426454580565,KOWLOON
7000,8.037223369215312,0.2024928914085173,0.0,0.0001387837569445,0.0748193523304549,0.0,0.0,7.174550217951055,0.4585290523638666,0.9282544978204894,35.4101873088685,30.66883783504491,KOWLOON_CITY
12000,2.74685612982286,0.0870380328202912,0.0,4.722502840472788e-05,0.0254593629457791,0.0,0.0,2.453307626962114,0.1560272469849225,0.9754669237303788,35.080305314738034,30.58073842123329,KOWLOON_CITY
7000,7.733728634931983,0.0073594810670769,0.0,0.0025756502076252,0.9222303614582394,0.0,0.0,5.8137178276033215,0.5659596409044515,0.9418628217239668,59.04364326375712,41.13407772394434,KWAI_TSING
12000,3.11009482278354,0.0025042678631025,0.0,0.0008764365289835,0.3173074431638966,0.0,0.0,2.300026176977592,0.2509758597777023,0.976999738230224,57.5953947368421,40.61850819209968,KWAI_TSING
7000,8.449702023668769,0.1181313320302739,0.0,0.0,0.0823986884429495,0.0,0.0,7.645152643527821,0.3635759115172024,0.9235484735647218,52.887938205585264,40.618265142983,KWUN_TONG
12000,2.887654475595909,0.0401974671491893,0.0,0.0,0.0280768177465378,0.0,0.0,2.613884200409066,0.1237168032246002,0.9738611579959092,52.887938205585264,40.618265142983,KWUN_TONG
7000,0.3239554781874157,0.0666719026674671,0.0,0.0,0.0,0.0,0.0,0.3105530552317064,0.0211344118763878,0.9968944694476828,9.104247104247104,0.7629637443135362,SAI_KUNG
12000,2.1461645121622226,0.4846459405406016,0.0,2.86129392040375e-05,1.108672464065748,0.0,0.0,2.009039363712972,0.1103806542126399,0.9799096063628704,44.67343336275375,53.701563518508,SAI_KUNG
7000,7.576888831894663,0.0123968712754824,0.0,0.0,0.1495374959835826,0.0,0.0,6.357046887685534,0.7196533534337127,0.9364295311231446,40.80573294629899,35.37947089165567,SHAM_SHUI_PO
12000,2.578246894186308,0.0042183798090182,0.0,0.0,0.0508842868277454,0.0,0.0,2.163161788170713,0.2448820438767427,0.9783683821182928,40.80573294629899,35.37947089165567,SHAM_SHUI_PO
7000,8.289436928092925,0.123177051825766,0.0,0.0,0.7552588726767615,0.0,0.0,7.62641922512608,0.3872922938465767,0.9237358077487392,40.638640132669984,41.05614331669918,SHA_TIN
12000,3.848025911147887,0.0609629084677615,0.0,0.0,0.4544609058704215,0.0,0.0,3.5460030428582536,0.1887079747918763,0.9645399695714174,40.39414270500533,42.19910221550006,SHA_TIN
7000,1.0496987345476494,0.0146191705500396,0.0,0.0,1.279792612535672,0.0,0.0,1.010589777346497,0.0399909646635176,0.9898941022265352,17.29491525423729,18.994927927807197,SOUTHERN
12000,1.210390456944792,0.0289936235950199,0.0,0.0,0.5090846923701285,0.0,0.0,1.1082010223905423,0.0435147418008884,0.9889179897760946,28.57177615571776,34.35107953014515,SOUTHERN
12000,0.2413969998061869,0.0008177132210638,0.0,0.0,0.2398630600461485,0.0,0.0,0.2313258077351257,0.0157038307416328,0.9976867419226488,9.411057692307692,2.2085650658509466,TAI_PO
7000,1.0460943931878888,0.1029730876483417,0.0,0.0,0.0873358986778681,0.0,0.0,1.0214564978713858,0.0439657052095711,0.989785435021286,40.695238095238096,50.40963753255061,TSUEN_WAN
12000,1.8424390597290612,0.1413760978246712,0.0,0.0,0.0646053463105965,0.0,0.0,1.5960382485172195,0.1198438752873645,0.9840396175148278,47.07033639143731,47.111484656285015,TSUEN_WAN
7000,1.1493129754894065,2.819214138462401,0.0,0.0,0.0059983397156791,0.0,0.0,1.119986868317901,0.0371046406484618,0.988800131316821,47.77659574468085,49.397478115794655,TUEN_MUN
12000,2.3404399803393074,0.9955147023926472,0.0,0.0,0.1701755074401822,0.0,0.0,2.120178507346084,0.1371011220197273,0.9787982149265392,41.920325203252034,40.190871597285394,TUEN_MUN
7000,4.935123714909946,0.0364436990062781,0.0,9.426023064980368e-05,0.0048819154885624,0.0,0.0,4.385218257340984,0.1582823152462567,0.9561478174265902,46.08618957940992,36.08697352783564,WAN_CHAI
12000,1.679312930767922,0.0124009809118581,0.0,3.20746618183351e-05,0.0016612073537468,0.0,0.0,1.4921923236784884,0.0538599544935164,0.9850780767632152,46.08618957940992,36.08697352783564,WAN_CHAI
7000,3.255196409624622,0.0158467814716074,0.0,0.001057811247576,0.0399267319853478,0.0,0.0,3.0362728020719603,0.1552680444640054,0.9696372719792804,52.614080834419816,43.47841317754504,WONG_TAI_SIN
12000,1.1076710004972372,0.0053923075840885,0.0,0.0003599496606334,0.0135861796339027,0.0,0.0,1.033176161816125,0.0528342651301115,0.9896682383818388,52.614080834419816,43.47841317754504,WONG_TAI_SIN
7000,8.99011186120234,0.0193938835471211,0.0,0.0,0.022886462912908,0.0,0.0,7.992982131950963,0.6899159450094005,0.9200701786804903,37.32242156429518,36.333393571015456,YAU_TSIM_MONG
12000,3.059135286103491,0.0065993075958952,0.0,0.0,0.0077877547411976,0.0,0.0,2.719834197677684,0.2347630646212479,0.9728016580232232,37.32242156429518,36.333393571015456,YAU_TSIM_MONG
7000,7.337189892668692,0.1038115292448584,0.0,0.0,13.94779810736636,0.0,0.0,6.735701325885903,0.4028302835489521,0.932642986741141,15.63250968992248,26.40056719915365,YUEN_LONG
12000,3.683700571889355,0.1070954629810405,0.0,0.0,6.4701865592910375,0.0,0.0,3.405166848944785,0.2028554159119828,0.965948331510552,13.581740684724323,22.35060922118587,YUEN_LONG
