station_id,theta_ols,kappa_ols,sigma_ols,theta_mle,kappa_mle,sigma_mle,mle_2_mu,mle_2_eta,mle_2_sigma_sq
Station1005,0.6030076116978873,0.28928175968939007,0.15581986033594347,0.6029229726057146,0.28925411139039625,0.5767927134677922,0.6030076116968675,0.2892817581509012,0.33273879596847067
Station1010,0.6483147050814503,1.2007301764071237,0.2727551195256894,0.6482878820981242,1.200664318797581,0.9130424872852844,0.6483517723091754,1.0,0.8121767082448065
Station1011,1.297846424478265,0.011586599410404703,0.06679491668283281,1.2850368141873172,0.011345009576146486,0.14787234600105603,1.297842299685683,0.011584354997306482,0.022163733197296472
Station1012,1.0550120997604235,0.9352685887893224,0.35002602901030067,1.0549623203365501,0.9352041511701146,1.243027613799404,1.0550120997451924,0.9352688290960336,1.545198855044374
Station1013,0.5266406581524347,1.3364251494474069,0.31217206840177364,0.5266205993101142,1.3363863166808165,1.0326357153437087,0.5266476361699094,1.0,1.025949453170135
Station1016,0.4639298892988934,0.20329303464426673,0.12418058721932271,0.46382291906848067,0.20326862696801223,0.4277962278849272,0.4639298892988926,0.20329307728765902,0.18305362832758848
Station1017,0.7948429035752976,0.6995823074169283,0.2823887696968251,0.7947854976166395,0.699526586213105,0.9375139044155777,0.7948429035752967,0.6995825349972188,0.8790020284185306
Station3000,3.8396019435046083,0.014812262849517793,0.22638133907024705,3.813878292613937,0.014631686212205178,0.53267944954354,3.839603320810431,0.014806766480660972,0.28622217879281864
Station3002,3.9968848545577798,,,3.670642208042655,0.008408714516861917,0.42385893361344046,4.0,1.0,20.643636363636368
Station3003,5.387295825098485,0.039651891490533976,1.195832420026135,5.344226291223229,0.03914141992458481,1.6588266677011232,5.354098360655747,1.0,70.09873689867675
Station6001,3.49302941476283,1.5390836183869574,1.1813609629611121,3.4929559345495087,1.5390299249058998,4.896829758222364,3.4917168930678217,1.0,23.203842640829777
Station6002,11.62061361988328,0.17814814702472145,0.9545657356450062,11.61951176914795,0.17812017188584933,5.473022854807261,11.62061361980659,0.17814815163806932,29.956962513294496
Station6003,2.1320304339513827,3.6473001489953405,1.6325711337884579,2.132000864325792,3.64723747753958,5.418040101111405,2.1315267706536853,1.0,27.027701008412336
Station6004,3.366196725959397,0.41622233446251333,0.8264582302600468,3.3657410979340154,0.41613536910043597,2.5997818176920187,3.3661967250577045,0.41622222799368463,6.759916829051638
Station6005,3.374755660368121,0.5359323492279728,1.047915392570504,3.3744794813100136,0.5358907682774723,3.7345297517961566,3.3747556602428626,0.535932329259945,13.947935957065857
Station6006,7.058216122830824,0.017829859893248815,0.15707660182457855,7.055597094748499,0.017824663222655402,4.433819361154874,7.007512871198303,0.018064105722202288,19.678146854510906
Station6007,5.197268455341117,1.0834340973451309,2.1178922435767897,5.197122481111983,1.0834111332664305,9.053606318033983,5.197236397888266,1.0,81.32947498845816
Station6008,7.219042916020209,0.0038612792886259907,0.1030614243660312,7.156079526038269,0.0037979017801013895,0.44993037540037667,7.218648746414338,0.0038587297209770922,0.20410705738575113
Station6009,7.0672827672286544,0.2724149374591824,1.0871500937267131,7.066774024825245,0.2723984405159599,5.789064481810061,7.067282764117494,0.2724148322049553,33.515747823976405
Station6010,2.26914383262345,0.46459392430086605,0.521728600137378,2.2688115911771543,0.46442803851198783,1.5022661500413803,2.2691438267102124,0.46459473449003713,2.25723215980362
Station6011,1.989999999999999,0.004873032473499205,0.030831494623979484,1.8952380952381007,0.0020030006690003937,0.03864680289669861,1.9899999999999995,0.33328389813304843,0.135246605862391
Station6012,3.9225020345652246,0.07289852040194256,0.37758444122700763,3.920577129173007,0.07286035348097707,1.487074106020195,3.9225018359989647,0.0728981199887299,2.2125350776010366
Station6013,5.930959227231254,0.39201143154755613,1.0834931829195757,5.9303905790079705,0.39194760927737166,4.16815408309543,5.93095922652011,0.39201126737412817,17.375359555669387
Station6014,15.170284166397506,0.03343116029699807,0.6094847497568022,15.154681789663716,0.033334132965029725,2.4230949698773077,15.170281234133064,0.03343206213244803,5.878625606419978
Station6015,1.8376856922983564,0.13967757174461365,0.3615268702468903,1.8371459453489658,0.1396540341692156,1.3320203275550175,1.837685692299854,0.13967757178676773,1.7748202077128974
Station6016,4.421528759300221,0.21899058760374307,0.5246224777789305,4.421119331962301,0.2189667645409265,2.7496775614387228,4.421528758646323,0.21899057022827786,7.561454961577722
Station6017,2.5184559338990966,2.452095240259526,1.6221393813262832,2.518406935313114,2.4520425659624694,5.54249165875672,2.5168783529245258,1.0,28.64335102984363
Station6018,3.921726882623607,0.8802561870771445,1.0736658524864804,3.921518277104203,0.8801554745585819,3.7023528532424543,3.9217268826193163,0.8802561699706636,13.708274153319831
Station6019,2.128540742155001,2.5814663667339395,1.7905951050935491,2.1284896602773404,2.581410155544171,5.372769372601049,2.12748735982739,1.0,26.3265633506857
Station6020,1.622540074256373,0.8142880883005428,0.9605477424185026,1.622385399735675,0.8142303478818669,2.5780254221940715,1.6225400744845981,0.8142881879963529,6.646911157762944
Station6022,3.220397718262483,0.25252876823986575,0.5343499591747262,3.2199531221061393,0.25248603279433945,2.133227872831684,3.220397718245209,0.2525287732023719,4.551337034550383
Station6023,2.124434372727233,0.5018656618154012,0.5954135846771665,2.124187938102929,0.5017792870876394,1.8427852568877505,2.124434372698878,0.5018656419639278,3.3963103691432917
Station6025,2.288677555834239,0.6082242665934317,0.49910781435969825,2.2885145629485875,0.6081310145472025,1.7892864063706955,2.288677555821777,0.6082242481156271,3.2018110383607037
Station6026,1.409088521578272,1.9822775769833623,0.7658116046891408,1.4090575715353326,1.9822280970260646,2.7384779852198737,1.4089235154240523,1.0,7.083541433778629
Station6027,1.1690909315867595,0.6495902766648293,0.6548300767578139,1.1689745939885114,0.6495553793834263,1.9235083900600216,1.1690909524228164,0.6495960575383991,3.700281630335523
Station6028,3.6793205591266305,2.14864966778657,1.8647165371334309,3.6792514812818817,2.1485970359093582,6.9263275809326466,3.6783709508785685,1.0,45.37523983522151
Station6029,2.687442638266156,2.082276093147964,1.1855047191877595,2.687404815329863,2.0822412234641585,5.163565680011191,2.6879333005200388,1.0,25.617761023150425
Station6030,2.6637085878271707,0.08045826551540494,0.3149203364701733,2.6620189696991683,0.0803987037991147,1.0374593171770405,2.6637085139521917,0.08045874511355272,1.0770810805048556
Station6031,1.8560602958043824,0.7072569752984726,0.6792341534083123,1.8559610282818455,0.7072278695215058,2.6042933281887235,1.856060295784791,0.7072569988552617,6.782725187077516
Station6032,5.704793334529694,0.14135448466587966,0.6026179446703025,5.702561796125239,0.14120140772127657,1.9151637657406733,5.704793336409163,0.14135452842016197,3.669665784555003
Station6033,1.1433850073673129,0.41276981011075414,0.28574910305471424,1.1432699436242804,0.4127255790074167,1.045343156046643,1.143385007394495,0.412769789229276,1.0928608758692102
Station6034,45.64930570056131,0.05741383277080003,5.310594562567326,45.63676326488818,0.057409918647615236,31.502478630950957,45.649305696341635,0.05741382112277304,992.6807674521044
Station6035,2.30395735812112,0.08413905624257063,0.23010950548967693,2.303149200142937,0.08411106456294043,0.9971437783810876,2.3039573442446772,0.08413921015027627,0.9946631765195908
Station6037,2.6236927789888096,0.9551797496760703,1.1859657063351225,2.623556519927615,0.9551345073482993,3.97432386711297,2.623692778843014,0.9551798794438613,15.796136082209125
Station6039,19.43476404230538,0.09837893984294023,1.1273035034816081,19.428604990322594,0.09827008298651072,4.746624596854794,19.43476402456384,0.09837902578892163,22.538991509224402
Station6041,3.0928845607664823,0.25092905454978714,0.4723100173182981,3.092443213347077,0.2508762543076347,1.8635103837306293,3.0928845605800537,0.2509290442286534,3.473211565029825
Station6042,1.1375229859800968,1.716227724053018,0.8920084020632276,1.1374867507370299,1.7161946424279,2.848078824618842,1.1372105786378588,1.0,7.618179620916231
Station6043,1.9991387334673598,0.4958438351184143,0.7202527363031309,1.9989168736281813,0.49579788294729543,2.291106923285614,1.999138741701157,0.495842094255607,5.249797309728834
Station6044,1.7249061154244296,0.009495194664363014,0.06772686234187586,1.7173754258398728,0.009451319863621273,0.24223460546412398,1.7248582903967533,0.009500215083926768,0.05897431366438875
Station6045,6.851406117881744,0.5600233705797476,1.5325191106183986,6.851136035890908,0.5600029754910033,7.69050742092969,6.851406117683298,0.5600233615397402,59.14631634247178
Station6046,2.711609137074087,0.0724875500678338,0.22977803162639196,2.7104259100608825,0.07244962074675314,0.964730903608931,2.7116090716959804,0.0724873652921486,0.9311341041697692
Station6047,4.3003837103032465,0.9960791397636141,1.3008487126935355,4.30016547715299,0.9959699285887306,4.320709471351707,4.30038371030354,0.996079139850646,18.669656550456853
Station6048,4.880379919773072,0.02773539175318169,0.2008784890267418,4.87035225472207,0.027502412587072887,0.6043828570297898,4.880369321255168,0.027739662916737677,0.3663982726813502
Station6049,2.9380458597729406,0.17362925652033873,0.47109324511847706,2.9374539757753437,0.17359761522889436,1.8786358734678914,2.938045859372157,0.17362923909853303,3.530022614446068
Station6050,2.626497695852539,0.049239263098398524,0.23251490219554413,2.6244819646968542,0.04920465534523169,0.8907674901408786,2.626497695852536,0.04923926130700994,0.7941132709664355
Station6051,5.423951041411225,0.5185108530146413,1.7342999390296778,5.423557425326894,0.5184832066395553,6.668054466534466,5.423951041405654,0.5185108260043463,44.46633390501959
Station6053,1.0172002090956618,1.750412212243987,0.7199750637971164,1.0171789403253455,1.7503942277148763,2.806959500957761,1.017200209095663,1.0,7.544543076763859
Station6054,4.722354870213198,0.11499204063541515,0.43488811371968145,4.719727635672807,0.11476711373432756,1.2817029998591225,4.722354871380949,0.1149920077902709,1.6440372590063916
Station6055,1.1979622535919268,0.5362498497111594,0.5343757584065559,1.1978300933592874,0.5362121280895291,1.6397214414733927,1.1979622410339286,0.5362548688777751,2.68900767518098
Station6056,1.5849244419168123,0.274372369735367,0.37241811222825477,1.5845244296786383,0.2742756771594518,1.058249070506757,1.5849244417122117,0.2743723474410707,1.120220325630116
Station6058,6.084781771962958,0.6400421651334539,0.9672115686646205,6.084530623165892,0.639975284847581,4.433906213254669,6.084781771487671,0.6400422506801668,19.66043347726243
Station6059,2.5799150000755366,0.5082496344603863,0.6979663629708671,2.5796513271752843,0.5081756805365838,2.2854615996395116,2.5799150000551956,0.5082495965298979,5.223937318497273
Station6060,1.6849407564666934,0.20534412427813933,0.28889130278522296,1.6846780216694848,0.20531677981315455,1.2037175274217056,1.6849407546877782,0.20534424181570918,1.4491732294392698
Station6061,3.4993222752287614,2.8284883219362342,2.415746172052458,3.4992649597186043,2.828438547113989,8.375293262616452,3.497922770896196,1.0,65.30422573778432
Station6062,1.5207385877776196,3.431130902990434,1.1355772205099512,1.5207201844545577,3.431089787817174,4.157519360720935,1.5204631896432188,1.0,16.160092348700143
Station6063,4.633499951202359,0.19452185220176793,0.6350514954270771,4.63245711589045,0.19444434951955988,2.26292006154883,4.633499941666921,0.19452219473289367,5.122120725526197
Station6064,2.816091415186208,1.5621275098216199,1.2687818765522914,2.8160408618993014,1.5621046058043522,5.649831264037423,2.8159315699230274,1.0,31.00177844956063
Station6065,3.4229968346012707,0.32959067344725007,0.8449996534047776,3.422429533423743,0.32952664979515217,2.6980585635935674,3.422996834599599,0.32959066689344113,7.280861129407743
Station6066,4.776864039449929,1.4512064573734784,1.8429849498220623,4.7767658227331085,1.4511735088772881,7.956594262763145,4.776380709140057,1.0,61.58651472868196
Station6067,4.835498212661765,1.3273854936510632,1.9083537476691885,4.8353827058994385,1.3273528475510983,7.990990620247435,4.835730959311174,1.0,62.340433221219264
Station6068,2.5372376904561658,3.1756409842969386,1.580505949795208,2.5371992909274907,3.1755668579073264,5.37998615512938,2.537656035724614,1.0,26.81383749332306
Station6069,8.074800024177282,0.28624783024519607,1.0644154211461383,8.074363314612198,0.2862331556482116,6.385404637621732,8.074799995548718,0.28624805136957515,40.7756670775082
Station6070,1.8274211785112933,0.39491615157714277,0.6351266434811469,1.8271905018232348,0.39488420499157756,2.12306126189401,1.827421177824228,0.3949160572386707,4.507989158932933
Station6071,1.2211873369809476,0.738556133367956,0.3951718348990013,1.2211290545216367,0.7385225315601045,1.569426314489601,1.221187336976748,0.7385561436907951,2.4632235071128052
Station6072,2.539727682542687,0.4338696395191858,0.5183290412826097,2.539548658329974,0.4338326647885967,2.2114268941000756,2.539727681711188,0.43386953104739695,4.890775493102255
Station6073,4.065570445614347,0.026419913723060042,0.1535389172067524,4.057601512289498,0.02621657872008193,0.493549770294738,4.065569783353715,0.026420672481914494,0.24425259984436332
Station6074,3.219837680480955,1.2639149652682284,1.2030077782549047,3.2197011152920765,1.2638120141085416,3.8787122059246713,3.219693030586165,1.0,14.536598097206937
Station6075,5.390460864773764,0.06271534500951054,0.28795964706811983,5.387721755342692,0.06263088436275176,1.2044575972824105,5.390460843646183,0.06271520239886072,1.4515617048852252
Station6076,2.4282484338653116,0.9080070943881805,0.9158403599893497,2.4281367864628467,0.90796397332207,3.344640374566868,2.4282484344931525,0.9080075857045958,11.187173143787001
Station6077,2.0476110169371724,0.29071427377451897,0.32445204798255106,2.047348015075441,0.29065227483212974,1.2529188582650808,2.0476110167057877,0.29071423666701574,1.570028990161842
Station6078,5.781560694774819,0.7464601302549866,1.2876893323026413,5.7812917141007745,0.7463907329287601,5.1565938550209625,5.781560694801586,0.7464601368104683,26.59184735597215
Station6079,6.465677380979409,0.806269277768076,1.438350010839653,6.465367616424194,0.8061756754301506,5.460686276632267,6.465677380909254,0.8062692546055288,29.8207568484528
Station6080,3.4711705779215682,0.3067335188100644,0.4704854011033456,3.4706006433441083,0.30656735744599545,1.5662951881379665,3.4711705777806308,0.30673349705221503,2.4537995333195557
Station6081,1.4869513533177476,0.3652891032106665,0.44711277097670515,1.4867518896136447,0.36525100440042435,1.507489289241985,1.4869513533178196,0.36528910324378366,2.2728490130679884
Station6082,3.2912644561199107,0.4477767533621056,0.8014825817879573,3.2909124586083887,0.4477088665234157,2.7325145466747003,3.291264456121647,0.44777674081550023,7.4675291668015635
Station6083,2.827662895324451,1.038433593917473,1.1963479935075205,2.827547251919713,1.0383929727187813,4.3311531511997625,2.8276516075571805,1.0,18.660813876740363
Station6084,4.317485147820024,0.7225159465322847,1.4540823770377669,4.317284769295645,0.7224885767020705,5.922945891043269,4.31748514783046,0.7225159507160942,35.082994351624215
Station6085,2.7185373872752554,0.6477243758037738,1.1244628623358277,2.718294845447955,0.6476739128556825,3.491491332579361,2.7185373868036646,0.6477244911015348,12.191696195265772
Station6087,0.7042336578203274,1.6437582083446038,0.34227518592019146,0.7042238224927172,1.6437444516309572,1.6840902428537583,0.7044076588752991,1.0,2.7643667420694507
Station6088,4.076042318554707,1.5130712332016654,1.2725793559962537,4.075941663454549,1.5129880042791652,4.912388911454653,4.075026051741445,1.0,23.259315197369993
Station6089,8.556924391503872,0.24445702300846694,0.8714081950108769,8.556323447611488,0.24443127950523488,4.962957079648306,8.556924391503474,0.24445702299817657,24.632749620161583
Station6090,3.2649024752571667,0.47831231507607197,0.9166841779890124,3.264528012410709,0.4782399024119581,2.9221120559474683,3.264902515394947,0.4783255817143113,8.539884917618844
Station6091,5.741457045550021,0.17851858571448287,0.7312767316541343,5.74071470213311,0.17849664604585638,3.592978156641347,5.741457045441384,0.17851858462070264,12.911221513367014
Station6092,1.7073329918391775,2.4943648425318092,1.3959996823878098,1.7072988805249947,2.494328402244771,4.667360505912729,1.7069007759420092,1.0,20.239243373585953
Station6093,4.561809492885997,0.18468162383294912,0.44868569948684384,4.561031693406256,0.18460960192872852,1.8856547940305475,4.561809492835728,0.18468161696609156,3.5563770574449545
Station6094,2.159041176657014,0.7401084213261758,1.2619933714488436,2.1588641624066036,0.7400764491889108,3.8260790558239766,2.1590411769242723,0.7401085389076556,14.6401478143483
Station6096,2.286604838425629,0.5861977817443119,0.9017228918958727,2.2863493480662656,0.5861324953704709,2.632889133709091,2.286604838385249,0.586197772619422,6.932966380624085
Station6097,3.250366407372536,0.36913507257198414,0.5933868073440169,3.2500613693042646,0.3690842502200528,2.3789270807328,3.250366407250398,0.3691350563591741,5.659872092382133
Station6098,7.469294322159194,0.6669091671394917,1.4563764130174435,7.4690090235381215,0.6668663250287561,6.806290028964814,7.469294322163826,0.6669091680335052,46.327486476191424
Station6100,1.086063152574403,1.1842948670300975,0.4012155182172609,1.0860224422383993,1.1842282623019906,1.4209187992901064,1.0860372631708592,1.0,1.9752307095392596
Station6101,1.3240060646900265,1.140970059983881,0.8047442094292293,1.323950305327436,1.1409421009241183,2.7394908377290617,1.3240060646900258,1.0,7.363221386607827
Station6102,2.553084641742938,0.5874814765860316,0.9409994595526735,2.5528505134199295,0.5874317884330322,3.027041587091952,2.5530846044056874,0.5874711353561821,9.163863984494585
Station6103,6.9082151984044975,0.027590361186799355,0.1270297085186857,6.902885200935629,0.027448712364146876,0.6393161623451925,6.9082151436864185,0.02759044943801298,0.40912551366610483
Station6106,5.683741834197052,1.3250679137751873,1.903905538921112,5.683624311507119,1.3250343816670325,8.576022552046906,5.684395624926752,1.0,72.03842659594191
Station6107,1.0685677260679982,0.7509210142110995,0.20581576008871,1.068478895007151,0.7506028316529191,0.6146783895540197,1.0685677259855335,0.7509211670378123,0.3778783616901684
Station6108,6.9387930917492096,0.2097746258012771,0.7672936615437989,6.937647501893722,0.20969594725182036,3.07471977879942,6.938793090788899,0.20977455957064403,9.455677197305079
Station6109,2.8144282268506147,0.2555192607687107,0.3495739896797909,2.8139218356547464,0.25538262815607154,1.216514520322509,2.814428226845281,0.25551925825520894,1.4802374436837764
Station6110,3.9453077381109285,0.14652649327093223,0.28678546470483657,3.9442512852864153,0.14636238511845198,1.0799664957705701,3.945307735356845,0.14652628004961893,1.1667290715317047
Station6112,4.988606443700636,1.334625643909912,1.3426940344948863,4.988464850208649,1.334523792315008,5.14498051620903,4.988745574331909,1.0,25.715313531826776
Station6115,8.111180039953368,0.17334817346535628,0.5973769005039354,8.109802023312152,0.17324428125966496,2.6045281557869178,8.111180034886733,0.17334811805020256,6.78492228013406
Station6116,5.311190583974655,0.5146989984231318,0.8637260838590621,5.31070975918887,0.5145337702247746,2.985309321620632,5.31119058397465,0.5146989848906883,8.913111891687599
Station6117,4.518196709031261,1.6129082199520695,1.5375113632225068,4.518068802957898,1.6127948533963803,5.368818392288174,4.51817562725874,1.0,27.444659938308746
Station6121,3.737143250168124,1.10820373098025,1.1035652755207945,3.736970293258834,1.1080710370947446,3.667440704566973,3.7377924956915587,1.0,13.233241711929596
Station6123,0.0,inf,,0.0,inf,,-3.226873678424119e-89,0.11153490401989846,2.3227620543758408e-178
Station6124,2.0094123695314963,1.8140652528343453,0.9709396571271252,2.009343901416268,1.8139460294075214,2.916529485825844,2.0094745546009904,1.0,7.894595982231748
Station6125,5.97415674517946,0.07440329419290317,0.4128961561684938,5.969148423380326,0.07416786486797307,1.240843823471675,5.974156413286678,0.07440239674003979,1.5414773740731014
Station6126,4.310858555657572,0.6387383862527964,0.8453604553182728,4.310477521670063,0.6385286166359274,2.6597047471085387,4.310858555637585,0.6387383813433902,7.074881193628953
Station6127,3.2655814598778576,1.1449277903989754,1.0290204279018396,3.265453999744103,1.1448381077576322,3.6328314570818168,3.2654656440814924,1.0,12.959761340309306
Station6129,2.148601752251625,1.0538216355464012,0.615264900087628,2.148493176786041,1.0536772232362526,1.9889807711341883,2.1486427746355243,1.0,3.9209099654933306
Station6130,2.6924191233583445,0.09330557776950492,0.25301114996017504,2.6911517895815873,0.09322692510239143,0.9028892033190302,2.6924191127162156,0.09330547332400198,0.815643085814563
Station6131,4.225916273530868,0.9687174721650311,1.2435531810750053,4.225668215394939,0.9685731053854095,3.891046524915893,4.225916272856353,0.9687177290943527,15.141357313486365
Station6132,2.6990266867894026,0.7902381758556939,0.6304980201673044,2.698873968532113,0.7901251519873671,2.224343933370736,2.699026686687595,0.790238257771633,4.948041743650144
Station6133,5.513298565355362,0.6881625389760204,1.0274223369737525,5.512992729575253,0.688051063149695,3.919710671790868,5.513298564934911,0.6881626770423355,15.365152652608696
Station6134,4.090837222861432,0.5156788936487544,0.6771607649395568,4.090539159991573,0.5155764470419062,2.6035713000591416,4.090837222760268,0.5156789259841417,6.779167093431343
Station6135,3.2476616804989495,0.6824058379910438,0.7999334493960217,3.247382762573934,0.6822516412996057,2.467309659433203,3.2476616804780747,0.6824058060489369,6.088279582244755
Station6136,3.3028471418176544,0.4675532229142132,0.6702058651034255,3.302593526397866,0.46749718307221594,2.6394482742971586,3.3028471410775753,0.4675531257083842,6.967273856572003
Station6138,7.275781821736147,0.23666941943531714,0.8180055772124619,7.274945587540417,0.2366167632772373,3.6955882634951376,7.275781811960055,0.23666958805808294,13.659096169041836
Station6139,2.272381843339443,0.038992044060241676,0.11075344339080777,2.269273282336778,0.038803662262703834,0.3542949636716723,2.272381773657965,0.038992426659119686,0.12575576871527902
Station6142,2.1373180924446213,0.04180905552091265,0.1885640330606202,2.1323241651353197,0.041593340672991495,0.4526406830668417,2.1373179597536733,0.04180855936388387,0.20553261780585563
Station6143,5.001726326048941,0.4619984403213197,0.8473978155152483,5.00118823101391,0.46184214760489317,2.836433160881937,5.001726326326726,0.46199886834799003,8.046456073332113
Station6144,4.004077433179929,0.14685668637095065,0.38533665921035426,4.003189894747432,0.14679210359601452,1.5877738760046773,4.004077419037259,0.1468569019238715,2.521651720930536
Station6147,3.598732297893218,0.048631688356097866,0.21689297498759727,3.595860650816966,0.048553519674432756,0.8182825687415399,3.598732293834108,0.04863173162682506,0.6701960927888456
Station6149,0.5364368633025349,0.004441909462621165,0.023220819011471848,0.5226312752452398,0.004249254228458693,0.04709003653521149,0.5356685028395437,0.004493233758406925,0.002324057075821735
Station6994,8.6875,,,7.722222222222215,0.0016637204290762275,0.21454126725901682,8.6875,1.0,14.3521875
Station6995,12.655163505908991,0.0039053104108081977,0.1156451957433766,12.606478651067185,0.0036852326022947433,0.5096093168178556,12.641310341488087,0.00395037319015557,0.2637439341633608
Station9905,1.7345665994317252,0.1014640582564652,0.07401739721949746,1.7344167776064847,0.10144839122512661,0.5890098256402986,1.7345665994145791,0.10146406143324756,0.34696340141945275
Station9913,0.779969619187831,0.44666924151407533,1.0920992121993238,0.7797165390197586,0.44664704572233965,2.1590088635720726,0.7799696233432863,0.44666960495241353,4.6628876412164475
